{
    "foreground_intensity_properties_per_channel": {
        "0": {
            "max": 1135.0,
            "mean": 71.92530822753906,
            "median": 71.0,
            "min": -1028.0,
            "percentile_00_5": -80.0,
            "percentile_99_5": 271.0,
            "std": 53.41014099121094
        }
    },
    "median_relative_size_after_cropping": 1.0,
    "shapes_after_crop": [
        [
            257,
            512,
            512
        ],
        [
            128,
            512,
            512
        ],
        [
            509,
            512,
            512
        ],
        [
            245,
            512,
            512
        ],
        [
            541,
            512,
            512
        ],
        [
            539,
            512,
            512
        ],
        [
            461,
            512,
            512
        ],
        [
            513,
            512,
            512
        ],
        [
            235,
            512,
            512
        ],
        [
            297,
            512,
            512
        ],
        [
            281,
            512,
            512
        ],
        [
            721,
            512,
            512
        ],
        [
            100,
            512,
            512
        ],
        [
            651,
            512,
            512
        ],
        [
            297,
            512,
            512
        ],
        [
            317,
            512,
            512
        ]
    ],
    "spacings": [
        [
            1.25,
            0.5351560115814209,
            0.5351560115814209
        ],
        [
            2.5,
            0.4882810115814209,
            0.4882810115814209
        ],
        [
            0.625,
            0.4882810115814209,
            0.4882810115814209
        ],
        [
            0.625,
            0.42033201456069946,
            0.42033201456069946
        ],
        [
            0.625,
            0.4260540008544922,
            0.4260540008544922
        ],
        [
            0.625,
            0.43296799063682556,
            0.43296799063682556
        ],
        [
            0.625,
            0.4882810115814209,
            0.4882810115814209
        ],
        [
            0.625,
            0.3945310115814209,
            0.3945310115814209
        ],
        [
            1.25,
            0.4882810115814209,
            0.4882810115814209
        ],
        [
            1.25,
            0.4882810115814209,
            0.4882810115814209
        ],
        [
            1.25,
            0.4882810115814209,
            0.4882810115814209
        ],
        [
            0.625,
            0.5,
            0.5
        ],
        [
            5.0,
            0.4882810115814209,
            0.4882810115814209
        ],
        [
            0.6000000238418579,
            0.5683590173721313,
            0.5683590173721313
        ],
        [
            1.25,
            0.4882810115814209,
            0.4882810115814209
        ],
        [
            1.25,
            0.4570310115814209,
            0.4570310115814209
        ]
    ]
}